time,region,missed-region,cover,func,missed-func,exec-func,lines,missed-lines,cover
85088.0,53
85088.0,97
85088.0,171
15207.918828235,171
15207.918828235,171
15207.918828235,173
