time,region,missed-region,cover,func,missed-func,exec-func,lines,missed-lines,cover
85088.0,53
85088.0,97
85088.0,171
15172.80682878,171
15172.80682878,171
15172.80682878,173
